Username,User ID,First Name,Last Name,Email,Address,Postal Code,Password
Andrew777,12345,Andrew,Clarkson,andy777@gmail.com,7600 Rue Pierro,H1K 2E3,
55Sandy,52255,Sandy,Smith,smithsand@gmail.com,9345 36e AV,H1J 2B5,
Frantoy1976,54321,Francois,Antoine,francisco99@gmail.com,5443 Rue LaChance,H1M 3V2,
